{
    "final_oof_auc": 0.7211956763011077,
    "model_weights": {
        "lgbm": 0.7,
        "rf": 0.2,
        "lr": 0.1
    },
    "individual_scores": {
        "lgbm": 0.7257372326664769,
        "rf": 0.6943020831072199,
        "lr": 0.6936024851696512
    }
}