{
    "best_params": {
        "n_estimators": 771,
        "learning_rate": 0.013942351074175277,
        "num_leaves": 59,
        "max_depth": 8,
        "min_child_samples": 92,
        "feature_fraction": 0.6377945875540825,
        "bagging_fraction": 0.870670213606648,
        "bagging_freq": 4,
        "lambda_l1": 1.8209552037831688e-06,
        "lambda_l2": 2.8484984251847055e-05
    },
    "best_cv_auc": 0.7158975795770535,
    "best_test_auc": 0.723290496367032,
    "n_trials": 30,
    "random_seed": 42
}