{
    "best_params": {
        "n_estimators": 891,
        "learning_rate": 0.027155633635396605,
        "num_leaves": 82,
        "max_depth": 5,
        "min_child_samples": 64,
        "feature_fraction": 0.5008326092890516,
        "bagging_fraction": 0.9576057542241007,
        "bagging_freq": 9,
        "lambda_l1": 0.04216957335732346,
        "lambda_l2": 1.9538532963117573e-07
    },
    "best_cv_auc": 0.7189778297678094,
    "best_test_auc": 0.7247842975851753,
    "n_trials": 30,
    "random_seed": 42
}