{
    "oof_auc": 0.7274300378724757,
    "mean_auc": 0.7274359705351803,
    "std_auc": 0.000978079579042483,
    "fold_scores": [
        0.7266186712503941,
        0.7286241289123957,
        0.7273981623037298,
        0.7284197948263136,
        0.7261190953830678
    ],
    "n_splits": 5
}