{
    "oof_auc": 0.7234088590575065,
    "mean_auc": 0.7234163736609744,
    "std_auc": 0.0007886435250509452,
    "fold_scores": [
        0.7227291405776168,
        0.7244805595462953,
        0.7234059921739633,
        0.7240809432679454,
        0.7223852327390513
    ],
    "n_splits": 5
}