{
    "best_params": {
        "C": 2.782559402207126,
        "l1_ratio": 1.0,
        "penalty": "elasticnet",
        "solver": "saga",
        "max_iter": 5000
    },
    "best_cv_auc": 0.6936547609148629,
    "best_test_auc": 0.693547177102358,
    "random_seed": 42
}